stage1_R2,stage2_R2,물가_계수
0.8577349345752604,-0.003859112942186327,{'물가상승률': np.float64(-0.18881184211520277)}
