cluster,n_train,n_test,R2,물가_계수
0,1304,327,0.7769948573752737,-0.17569067160130714
1,3558,897,0.8332650628437251,-0.09568950318057336
2,144,36,0.9040773130566933,-0.4489133314741466
