RMSE,MAE,R2,n_iter
0.02327575078687533,0.013699616028613002,0.8027248893644472,208
