상호작용,RMSE,R2
기존_물가_x_lag1비중,0.019763923824290795,0.8577634397272469
물가_x_성장률,0.019763071701114274,0.8577757045444759
물가_x_비중변화,0.01976322834872425,0.857773449916795
